date,1m,3m,6m,12m
2005-01,2.1110,2.1454,2.1920,2.3121
2005-02,2.1039,2.1384,2.1846,2.3100
2005-03,2.1030,2.1372,2.1918,2.3348
2005-04,2.1047,2.1372,2.1722,2.2651
2005-05,2.1041,2.1256,2.1441,2.1933
2005-06,2.1039,2.1110,2.1069,2.1028
2005-07,2.1064,2.1194,2.1345,2.1680
2005-08,2.1126,2.1325,2.1595,2.2229
2005-09,2.1152,2.1391,2.1666,2.2195
2005-10,2.1209,2.1966,2.2720,2.4136
2005-11,2.2225,2.3609,2.5002,2.6844
2005-12,2.4112,2.4729,2.6003,2.7833
2006-01,2.3885,2.5117,2.6507,2.8335
2006-02,2.4586,2.6004,2.7248,2.9141
2006-03,2.6333,2.7226,2.8720,3.1053
2006-04,2.6489,2.7938,2.9561,3.2214
2006-05,2.6926,2.8890,3.0582,3.3078
2006-06,2.8691,2.9857,3.1580,3.4005
2006-07,2.9389,3.1022,3.2875,3.5386
2006-08,3.0941,3.2265,3.4096,3.6151
2006-09,3.1572,3.3354,3.5275,3.7153
2006-10,3.3501,3.5020,3.6446,3.7992
2006-11,3.4214,3.5972,3.7281,3.8637
2006-12,3.6400,3.6842,3.7894,3.9209
2007-01,3.6159,3.7519,3.8897,4.0644
2007-02,3.6511,3.8182,3.9444,4.0935
2007-03,3.8439,3.8909,3.9963,4.1055
2007-04,3.8590,3.9753,4.0974,4.2527
2007-05,3.9194,4.0714,4.1966,4.3731
2007-06,4.0982,4.1478,4.2830,4.5055
2007-07,4.1050,4.2162,4.3585,4.5638
2007-08,4.3081,4.5436,4.5938,4.6663
2007-09,4.4339,4.7417,4.7514,4.7245
2007-10,4.2355,4.6874,4.6634,4.6467
2007-11,4.2160,4.6385,4.6297,4.6072
2007-12,4.7114,4.8484,4.8194,4.7929
2008-01,4.1973,4.4815,4.5014,4.4980
2008-02,4.1821,4.3621,4.3565,4.3489
2008-03,4.3046,4.5964,4.5930,4.5901
2008-04,4.3691,4.7835,4.7954,4.8199
2008-05,4.3874,4.8574,4.8975,4.9938
2008-06,4.4724,4.9405,5.0883,5.3608
2008-07,4.4716,4.9610,5.1482,5.3932
2008-08,4.4875,4.9652,5.1602,5.3230
2008-09,4.6599,5.0192,5.2190,5.3839
2008-10,4.8313,5.1131,5.1781,5.2478
2008-11,3.8432,4.2383,4.2947,4.3504
2008-12,2.9929,3.2926,3.3653,3.4520
2009-01,2.1418,2.4565,2.5389,2.6216
2009-02,1.6282,1.9430,2.0340,2.1354
2009-03,1.2691,1.6355,1.7745,1.9089
2009-04,1.0120,1.4223,1.6083,1.7710
2009-05,0.8844,1.2817,1.4802,1.6444
2009-06,0.9134,1.2279,1.4356,1.6105
2009-07,0.6097,0.9750,1.2129,1.4120
2009-08,0.5080,0.8605,1.1154,1.3343
2009-09,0.4551,0.7721,1.0423,1.2610
2009-10,0.4297,0.7375,1.0167,1.2426
2009-11,0.4352,0.7162,0.9931,1.2306
2009-12,0.4780,0.7120,0.9956,1.2424
2010-01,0.4370,0.6798,0.9772,1.2322
2010-02,0.4214,0.6617,0.9646,1.2252
2010-03,0.4062,0.6450,0.9524,1.2151
2010-04,0.4046,0.6447,0.9552,1.2252
2010-05,0.4230,0.6865,0.9822,1.2493
2010-06,0.4464,0.7276,1.0118,1.2813
2010-07,0.5833,0.8488,1.1042,1.3734
2010-08,0.6400,0.8955,1.1472,1.4210
2010-09,0.6181,0.8805,1.1373,1.4205
2010-10,0.7842,0.9977,1.2239,1.4954
2010-11,0.8339,1.0420,1.2690,1.5405
2010-12,0.8107,1.0217,1.2507,1.5261
2011-01,0.7928,1.0172,1.2536,1.5500
2011-02,0.8936,1.0868,1.3522,1.7140
2011-03,0.9031,1.1755,1.4833,1.9241
2011-04,1.1271,1.3212,1.6214,2.0856
2011-05,1.2434,1.4251,1.7068,2.1471
2011-06,1.2790,1.4886,1.7493,2.1441
2011-07,1.4218,1.5976,1.8182,2.1827
2011-08,1.3734,1.5521,1.7548,2.0969
2011-09,1.3472,1.5365,1.7360,2.0669
2011-10,1.3635,1.5759,1.7761,2.1101
2011-11,1.2266,1.4847,1.7065,2.0439
2011-12,1.1430,1.4261,1.6707,2.0035
2012-01,0.8362,1.2222,1.5047,1.8366
2012-02,0.6260,1.0483,1.3454,1.6783
2012-03,0.4674,0.8585,1.1637,1.4985
2012-04,0.4088,0.7443,1.0402,1.3678
2012-05,0.3938,0.6849,0.9704,1.2660
2012-06,0.3800,0.6589,0.9345,1.2190
2012-07,0.2194,0.4970,0.7794,1.0608
2012-08,0.1316,0.3324,0.6061,0.8766
2012-09,0.1188,0.2463,0.4839,0.7398
2012-10,0.1112,0.2079,0.4118,0.6501
2012-11,0.1085,0.1920,0.3604,0.5879
2012-12,0.1106,0.1855,0.3238,0.5493
2013-01,0.1125,0.2049,0.3443,0.5753
2013-02,0.1202,0.2234,0.3618,0.5942
2013-03,0.1180,0.2060,0.3288,0.5450
2013-04,0.1179,0.2089,0.3243,0.5284
2013-05,0.1123,0.2012,0.2995,0.4838
2013-06,0.1206,0.2102,0.3209,0.5070
2013-07,0.1250,0.2214,0.3358,0.5254
2013-08,0.1278,0.2259,0.3422,0.5423
2013-09,0.1281,0.2232,0.3400,0.5434
2013-10,0.1283,0.2258,0.3415,0.5410
2013-11,0.1320,0.2234,0.3269,0.5064
2013-12,0.2144,0.2735,0.3706,0.5425
2014-01,0.2242,0.2920,0.3960,0.5621
2014-02,0.2239,0.2881,0.3866,0.5490
2014-03,0.2318,0.3053,0.4069,0.5773
2014-04,0.2526,0.3298,0.4299,0.6040
2014-05,0.2592,0.3246,0.4169,0.5923
2014-06,0.1529,0.2414,0.3332,0.5127
2014-07,0.0958,0.2050,0.3046,0.4875
2014-08,0.0855,0.1916,0.2918,0.4691
2014-09,0.0177,0.0971,0.1997,0.3623
2014-10,0.0079,0.0826,0.1837,0.3376
2014-11,0.0098,0.0809,0.1818,0.3347
2014-12,0.0230,0.0809,0.1765,0.3285
2015-01,0.0051,0.0627,0.1523,0.2982
2015-02,0.0004,0.0482,0.1258,0.2550
2015-03,-0.0103,0.0272,0.0969,0.2124
2015-04,-0.0290,0.0047,0.0728,0.1804
2015-05,-0.0494,-0.0104,0.0571,0.1654
2015-06,-0.0634,-0.0139,0.0492,0.1630
2015-07,-0.0713,-0.0187,0.0487,0.1673
2015-08,-0.0879,-0.0277,0.0439,0.1613
2015-09,-0.1052,-0.0370,0.0353,0.1536
2015-10,-0.1156,-0.0536,0.0197,0.1279
2015-11,-0.1403,-0.0876,-0.0154,0.0789
2015-12,-0.1895,-0.1263,-0.0398,0.0589
2016-01,-0.2226,-0.1462,-0.0608,0.0424
2016-02,-0.2460,-0.1836,-0.1153,-0.0079
2016-03,-0.3076,-0.2285,-0.1336,-0.0124
2016-04,-0.3412,-0.2492,-0.1380,-0.0098
2016-05,-0.3480,-0.2572,-0.1445,-0.0126
2016-06,-0.3559,-0.2679,-0.1624,-0.0280
2016-07,-0.3688,-0.2945,-0.1882,-0.0560
2016-08,-0.3697,-0.2982,-0.1887,-0.0483
2016-09,-0.3714,-0.3016,-0.1991,-0.0571
2016-10,-0.3714,-0.3090,-0.2071,-0.0688
2016-11,-0.3728,-0.3127,-0.2148,-0.0740
2016-12,-0.3704,-0.3158,-0.2179,-0.0804
2017-01,-0.3713,-0.3255,-0.2355,-0.0945
2017-02,-0.3718,-0.3286,-0.2406,-0.1059
2017-03,-0.3724,-0.3293,-0.2407,-0.1096
2017-04,-0.3724,-0.3304,-0.2455,-0.1190
2017-05,-0.3732,-0.3295,-0.2509,-0.1272
2017-06,-0.3728,-0.3300,-0.2668,-0.1491
2017-07,-0.3728,-0.3304,-0.2726,-0.1541
2017-08,-0.3720,-0.3291,-0.2717,-0.1563
2017-09,-0.3721,-0.3294,-0.2726,-0.1683
2017-10,-0.3723,-0.3295,-0.2739,-0.1798
2017-11,-0.3716,-0.3290,-0.2743,-0.1890
2017-12,-0.3687,-0.3279,-0.2714,-0.1897
2018-01,-0.3688,-0.3285,-0.2742,-0.1887
2018-02,-0.3696,-0.3285,-0.2749,-0.1912
2018-03,-0.3706,-0.3279,-0.2713,-0.1910
2018-04,-0.3716,-0.3284,-0.2702,-0.1897
2018-05,-0.3708,-0.3252,-0.2700,-0.1880
2018-06,-0.3703,-0.3220,-0.2685,-0.1815
2018-07,-0.3697,-0.3207,-0.2692,-0.1795
2018-08,-0.3696,-0.3190,-0.2668,-0.1693
2018-09,-0.3710,-0.3188,-0.2682,-0.1662
2018-10,-0.3697,-0.3177,-0.2640,-0.1538
2018-11,-0.3688,-0.3164,-0.2566,-0.1474
2018-12,-0.3671,-0.3119,-0.2408,-0.1287
2019-01,-0.3664,-0.3080,-0.2364,-0.1159
2019-02,-0.3677,-0.3084,-0.2318,-0.1084
2019-03,-0.3675,-0.3092,-0.2302,-0.1088
2019-04,-0.3672,-0.3104,-0.2308,-0.1122
2019-05,-0.3690,-0.3119,-0.2374,-0.1339
2019-06,-0.3848,-0.3289,-0.2790,-0.1902
2019-07,-0.3951,-0.3649,-0.3474,-0.2833
2019-08,-0.4096,-0.4077,-0.4050,-0.3563
2019-09,-0.4482,-0.4176,-0.3939,-0.3391
2019-10,-0.4555,-0.4129,-0.3616,-0.3042
2019-11,-0.4500,-0.4013,-0.3374,-0.2720
2019-12,-0.4529,-0.3947,-0.3356,-0.2614
2020-01,-0.4569,-0.3911,-0.3301,-0.2534
2020-02,-0.4732,-0.4088,-0.3552,-0.2881
2020-03,-0.4777,-0.4166,-0.3649,-0.2656
2020-04,-0.4281,-0.2540,-0.1920,-0.1082
2020-05,-0.4644,-0.2720,-0.1430,-0.0814
2020-06,-0.4929,-0.3760,-0.2227,-0.1475
2020-07,-0.5088,-0.4441,-0.3461,-0.2789
2020-08,-0.5173,-0.4797,-0.4329,-0.3589
2020-09,-0.5217,-0.4914,-0.4626,-0.4146
2020-10,-0.5385,-0.5091,-0.4940,-0.4660
2020-11,-0.5414,-0.5209,-0.5090,-0.4806
2020-12,-0.5607,-0.5381,-0.5186,-0.4966
2021-01,-0.5621,-0.5472,-0.5285,-0.5047
2021-02,-0.5534,-0.5411,-0.5205,-0.5008
2021-03,-0.5534,-0.5391,-0.5160,-0.4867
2021-04,-0.5550,-0.5382,-0.5158,-0.4835
2021-05,-0.5579,-0.5401,-0.5130,-0.4806
2021-06,-0.5546,-0.5429,-0.5150,-0.4839
2021-07,-0.5562,-0.5448,-0.5160,-0.4907
2021-08,-0.5601,-0.5476,-0.5274,-0.4982
2021-09,-0.5576,-0.5450,-0.5224,-0.4923
2021-10,-0.5604,-0.5498,-0.5272,-0.4768
2021-11,-0.5654,-0.5674,-0.5340,-0.4870
2021-12,-0.5963,-0.5820,-0.5446,-0.5020
2022-01,-0.5649,-0.5601,-0.5273,-0.4767
2022-02,-0.5530,-0.5315,-0.4762,-0.3352
2022-03,-0.5444,-0.4954,-0.4177,-0.2374
2022-04,-0.5373,-0.4479,-0.3109,0.0131
2022-05,-0.5457,-0.3857,-0.1436,0.2866
2022-06,-0.5247,-0.2392,0.1617,0.8522
2022-07,-0.3064,0.0366,0.4665,0.9915
2022-08,0.0224,0.3947,0.8370,1.2495
2022-09,0.5739,1.0109,1.5961,2.2330
2022-10,0.9152,1.4277,1.9974,2.6294
2022-11,1.4231,1.8252,2.3212,2.8283
2022-12,1.7243,2.0635,2.5603,3.0181
2023-01,1.9812,2.3449,2.8579,3.3370
2023-02,2.3688,2.6404,3.1354,3.5336
2023-03,2.7099,2.9106,3.2674,3.6466
2023-04,2.9609,3.1794,3.5156,3.7566
2023-05,3.1524,3.3717,3.6818,3.8622
2023-06,3.3425,3.5359,3.8253,4.0073
2023-07,3.4690,3.6718,3.9425,4.1490
2023-08,3.6270,3.7803,3.9445,4.0730
2023-09,3.7577,3.8800,4.0303,4.1492
2023-10,3.8610,3.9676,4.1148,4.1600
2023-11,3.8407,3.9716,4.0647,4.0221
2023-12,3.8576,3.9349,3.9269,3.6791
2024-01,3.8690,3.9253,3.8917,3.6092
2024-02,3.8685,3.9232,3.9005,3.6705
2024-03,3.8530,3.9231,3.8948,3.7178
2024-04,3.8525,3.8853,3.8382,3.7033
2024-05,3.8159,3.8127,3.7866,3.6801
2024-06,3.6347,3.7245,3.7149,3.6496
2024-07,3.6175,3.6848,3.6436,3.5259
2024-08,3.5967,3.5476,3.4249,3.1661
2024-09,3.4381,3.4337,3.2578,2.9360
2024-10,3.2055,3.1666,3.0016,2.6913
2024-11,3.0664,3.0068,2.7875,2.5056
2024-12,2.8900,2.8246,2.6322,2.4360
2025-01,2.7919,2.7043,2.6144,2.5252
2025-02,2.6058,2.5250,2.4596,2.4070
2025-03,2.4010,2.4424,2.3854,2.3984
2025-04,2.2426,2.2494,2.2017,2.1434
2025-05,2.0939,2.0872,2.1162,2.0806
2025-06,1.9285,1.9836,2.0497,2.0809
2025-07,1.8923,1.9863,2.0553,2.0791
2025-08,1.8900,2.0211,2.0844,2.1139
2025-09,1.8972,2.0273,2.1023,2.1715
2025-10,1.9063,2.0344,2.1068,2.1873
2025-11,1.9056,2.0417,2.1310,2.2169
2025-12,1.9155,2.0484,2.1395,2.2671
2026-01,1.9608,2.0277,2.1371,2.2451
2026-02,1.9522,2.0113,2.1435,2.2207
2026-03,1.9328,2.1094,2.3220,2.5651
2026-04,1.9712,2.1753,2.4537,2.7468
